{"kind":"APIResourceList","apiVersion":"v1","groupVersion":"gateway.networking.k8s.io/v1alpha2","resources":[{"name":"gatewayclasses","singularName":"gatewayclass","namespaced":false,"kind":"GatewayClass","verbs":["delete","deletecollection","get","list","patch","create","update","watch"],"shortNames":["gc"],"categories":["gateway-api"],"storageVersionHash":"r6oKrEpB3EU="},{"name":"gatewayclasses/status","singularName":"","namespaced":false,"kind":"GatewayClass","verbs":["get","patch","update"]},{"name":"gateways","singularName":"gateway","namespaced":true,"kind":"Gateway","verbs":["delete","deletecollection","get","list","patch","create","update","watch"],"shortNames":["gtw"],"categories":["gateway-api"],"storageVersionHash":"G57nQHdUdeI="},{"name":"gateways/status","singularName":"","namespaced":true,"kind":"Gateway","verbs":["get","patch","update"]},{"name":"httproutes","singularName":"httproute","namespaced":true,"kind":"HTTPRoute","verbs":["delete","deletecollection","get","list","patch","create","update","watch"],"categories":["gateway-api"],"storageVersionHash":"cUpO6+x2lAU="},{"name":"httproutes/status","singularName":"","namespaced":true,"kind":"HTTPRoute","verbs":["get","patch","update"]},{"name":"referencegrants","singularName":"referencegrant","namespaced":true,"kind":"ReferenceGrant","verbs":["delete","deletecollection","get","list","patch","create","update","watch"],"shortNames":["refgrant"],"categories":["gateway-api"],"storageVersionHash":"roRO6c6FAfE="}]}
