{"kind":"APIResourceList","apiVersion":"v1","groupVersion":"flowcontrol.apiserver.k8s.io/v1beta3","resources":[{"name":"flowschemas","singularName":"","namespaced":false,"kind":"FlowSchema","verbs":["create","delete","deletecollection","get","list","patch","update","watch"],"storageVersionHash":"G+8IkrqFuJw="},{"name":"flowschemas/status","singularName":"","namespaced":false,"kind":"FlowSchema","verbs":["get","patch","update"]},{"name":"prioritylevelconfigurations","singularName":"","namespaced":false,"kind":"PriorityLevelConfiguration","verbs":["create","delete","deletecollection","get","list","patch","update","watch"],"storageVersionHash":"wltM4WMeeXs="},{"name":"prioritylevelconfigurations/status","singularName":"","namespaced":false,"kind":"PriorityLevelConfiguration","verbs":["get","patch","update"]}]}
