{"kind":"APIResourceList","apiVersion":"v1","groupVersion":"networking.gke.io/v1","resources":[{"name":"gcpbackendpolicies","singularName":"gcpbackendpolicy","namespaced":true,"kind":"GCPBackendPolicy","verbs":["delete","deletecollection","get","list","patch","create","update","watch"],"storageVersionHash":"p2aLsVwiM1E="},{"name":"gcpbackendpolicies/status","singularName":"","namespaced":true,"kind":"GCPBackendPolicy","verbs":["get","patch","update"]},{"name":"lbpolicies","singularName":"lbpolicy","namespaced":true,"kind":"LBPolicy","verbs":["delete","deletecollection","get","list","patch","create","update","watch"],"storageVersionHash":"jKrq0xOJDVo="},{"name":"lbpolicies/status","singularName":"","namespaced":true,"kind":"LBPolicy","verbs":["get","patch","update"]},{"name":"serviceattachments","singularName":"serviceattachment","namespaced":true,"kind":"ServiceAttachment","verbs":["delete","deletecollection","get","list","patch","create","update","watch"],"storageVersionHash":"VBkvQmd+kPU="},{"name":"egressnatpolicies","singularName":"egressnatpolicy","namespaced":false,"kind":"EgressNATPolicy","verbs":["delete","deletecollection","get","list","patch","create","update","watch"],"storageVersionHash":"8WOf8b4AmvU="},{"name":"healthcheckpolicies","singularName":"healthcheckpolicy","namespaced":true,"kind":"HealthCheckPolicy","verbs":["delete","deletecollection","get","list","patch","create","update","watch"],"storageVersionHash":"51b0Bwm9Gj0="},{"name":"healthcheckpolicies/status","singularName":"","namespaced":true,"kind":"HealthCheckPolicy","verbs":["get","patch","update"]},{"name":"gcpgatewaypolicies","singularName":"gcpgatewaypolicy","namespaced":true,"kind":"GCPGatewayPolicy","verbs":["delete","deletecollection","get","list","patch","create","update","watch"],"storageVersionHash":"Qi17DimeqEo="},{"name":"gcpgatewaypolicies/status","singularName":"","namespaced":true,"kind":"GCPGatewayPolicy","verbs":["get","patch","update"]},{"name":"managedcertificates","singularName":"managedcertificate","namespaced":true,"kind":"ManagedCertificate","verbs":["delete","deletecollection","get","list","patch","create","update","watch"],"shortNames":["mcrt"],"storageVersionHash":"FD3rYAFSqMY="}]}
