{"kind":"APIResourceList","apiVersion":"v1","groupVersion":"networking.gke.io/v1alpha1","resources":[{"name":"networkloggings","singularName":"networklogging","namespaced":false,"kind":"NetworkLogging","verbs":["delete","deletecollection","get","list","patch","create","update","watch"],"shortNames":["nl"],"storageVersionHash":"EzGOZVuc5LY="},{"name":"redirectservices","singularName":"redirectservice","namespaced":true,"kind":"RedirectService","verbs":["delete","deletecollection","get","list","patch","create","update","watch"],"shortNames":["rds"],"storageVersionHash":"P4BK0Y0VHX8="}]}
