{"kind":"APIResourceList","apiVersion":"v1","groupVersion":"monitoring.googleapis.com/v1alpha1","resources":[{"name":"globalrules","singularName":"globalrules","namespaced":false,"kind":"GlobalRules","verbs":["delete","deletecollection","get","list","patch","create","update","watch"],"storageVersionHash":"VsuCnwdhlvU="},{"name":"globalrules/status","singularName":"","namespaced":false,"kind":"GlobalRules","verbs":["get","patch","update"]},{"name":"clusterrules","singularName":"clusterrules","namespaced":false,"kind":"ClusterRules","verbs":["delete","deletecollection","get","list","patch","create","update","watch"],"storageVersionHash":"3W7RbmMrCfI="},{"name":"clusterrules/status","singularName":"","namespaced":false,"kind":"ClusterRules","verbs":["get","patch","update"]},{"name":"clusterpodmonitorings","singularName":"clusterpodmonitoring","namespaced":false,"kind":"ClusterPodMonitoring","verbs":["delete","deletecollection","get","list","patch","create","update","watch"],"storageVersionHash":"wjd+LN65ntc="},{"name":"clusterpodmonitorings/status","singularName":"","namespaced":false,"kind":"ClusterPodMonitoring","verbs":["get","patch","update"]},{"name":"podmonitorings","singularName":"podmonitoring","namespaced":true,"kind":"PodMonitoring","verbs":["delete","deletecollection","get","list","patch","create","update","watch"],"storageVersionHash":"yNXI297sCYE="},{"name":"podmonitorings/status","singularName":"","namespaced":true,"kind":"PodMonitoring","verbs":["get","patch","update"]},{"name":"operatorconfigs","singularName":"operatorconfig","namespaced":true,"kind":"OperatorConfig","verbs":["delete","deletecollection","get","list","patch","create","update","watch"],"storageVersionHash":"vtjDanOMmz0="},{"name":"rules","singularName":"rules","namespaced":true,"kind":"Rules","verbs":["delete","deletecollection","get","list","patch","create","update","watch"],"storageVersionHash":"HOyHWdBsGcU="},{"name":"rules/status","singularName":"","namespaced":true,"kind":"Rules","verbs":["get","patch","update"]}]}
