{"kind":"APIResourceList","apiVersion":"v1","groupVersion":"cilium.io/v2","resources":[{"name":"ciliumendpoints","singularName":"ciliumendpoint","namespaced":true,"kind":"CiliumEndpoint","verbs":["delete","deletecollection","get","list","patch","create","update","watch"],"shortNames":["cep","ciliumep"],"storageVersionHash":"Nk+OwwxuVwc="},{"name":"ciliumexternalworkloads","singularName":"ciliumexternalworkload","namespaced":false,"kind":"CiliumExternalWorkload","verbs":["delete","deletecollection","get","list","patch","create","update","watch"],"shortNames":["cew"],"storageVersionHash":"t2pqeP9Kofc="},{"name":"ciliumexternalworkloads/status","singularName":"","namespaced":false,"kind":"CiliumExternalWorkload","verbs":["get","patch","update"]},{"name":"ciliumlocalredirectpolicies","singularName":"ciliumlocalredirectpolicy","namespaced":true,"kind":"CiliumLocalRedirectPolicy","verbs":["delete","deletecollection","get","list","patch","create","update","watch"],"shortNames":["clrp"],"storageVersionHash":"Ob2fzIBrOTk="},{"name":"ciliumidentities","singularName":"ciliumidentity","namespaced":false,"kind":"CiliumIdentity","verbs":["delete","deletecollection","get","list","patch","create","update","watch"],"shortNames":["ciliumid"],"storageVersionHash":"YqXqcqS7j44="},{"name":"ciliumidentities/status","singularName":"","namespaced":false,"kind":"CiliumIdentity","verbs":["get","patch","update"]},{"name":"ciliumnodes","singularName":"ciliumnode","namespaced":false,"kind":"CiliumNode","verbs":["delete","deletecollection","get","list","patch","create","update","watch"],"shortNames":["cn","ciliumn"],"storageVersionHash":"mqCRX3CAPr0="},{"name":"ciliumnodes/status","singularName":"","namespaced":false,"kind":"CiliumNode","verbs":["get","patch","update"]}]}
