{"kind":"APIResourceList","apiVersion":"v1","groupVersion":"auto.gke.io/v1","resources":[{"name":"allowlistedworkloads","singularName":"allowlistedworkload","namespaced":false,"kind":"AllowlistedWorkload","verbs":["delete","deletecollection","get","list","patch","create","update","watch"],"storageVersionHash":"4mdg6DE8D0g="},{"name":"allowlistedv2workloads","singularName":"allowlistedv2workload","namespaced":false,"kind":"AllowlistedV2Workload","verbs":["delete","deletecollection","get","list","patch","create","update","watch"],"storageVersionHash":"bqbJdLnHpkA="}]}
