{"kind":"APIResourceList","apiVersion":"v1","groupVersion":"autoscaling.gke.io/v1beta1","resources":[{"name":"multidimpodautoscalers","singularName":"multidimpodautoscaler","namespaced":true,"kind":"MultidimPodAutoscaler","verbs":["delete","deletecollection","get","list","patch","create","update","watch"],"shortNames":["mpa"],"storageVersionHash":"2iFTs3qPfe8="},{"name":"multidimpodautoscalers/status","singularName":"","namespaced":true,"kind":"MultidimPodAutoscaler","verbs":["get","patch","update"]}]}
